X,Y,Z
-2707027.984161,4688711.860085,3360431.673025
-2707029.109699,4688711.955660,3360431.434134
-2707029.109599,4688711.955760,3360431.434234
-2707029.109309,4688711.956050,3360431.434524
-2707029.108748,4688711.956611,3360431.435085
-2707029.107843,4688711.957516,3360431.435990
-2707029.106529,4688711.958830,3360431.437305
-2707029.104746,4688711.960613,3360431.439088
-2707029.102441,4688711.962918,3360431.441392
-2707029.099567,4688711.965792,3360431.444266
-2707031.049279,4688709.768229,3360427.388601
-2707029.093040,4688711.972180,3360431.449611
-2707029.088215,4688711.977004,3360431.454435
-2707029.082673,4688711.982546,3360431.459977
-2707029.076386,4688711.988834,3360431.466264
-2707029.069327,4688711.995893,3360431.473323
-2707029.061474,4688712.003746,3360431.481176
-2707029.052806,4688712.012414,3360431.489844
-2707029.043305,4688712.021915,3360431.499345
-2707029.032954,4688712.032265,3360431.509696
-2707028.777525,4688713.079169,3360435.749200
-2707029.009339,4688712.056870,3360431.538293
-2707028.996354,4688712.069855,3360431.551278
-2707028.982468,4688712.083741,3360431.565164
-2707028.967670,4688712.098539,3360431.579962
-2707028.951952,4688712.114257,3360431.595679
-2707028.935306,4688712.130903,3360431.612326
-2707028.917725,4688712.148485,3360431.629907
-2707028.899201,4688712.167008,3360431.648430
-2707028.879730,4688712.186479,3360431.667901
-2707031.757120,4688708.149245,3360430.660625
-2707028.843890,4688712.219932,3360431.707591
-2707028.821547,4688712.242275,3360431.729935
-2707028.798238,4688712.265584,3360431.753244
-2707028.773960,4688712.289862,3360431.777522
-2707028.748709,4688712.315113,3360431.802772
-2707028.722484,4688712.341338,3360431.828997
-2707028.695281,4688712.368541,3360431.856200
-2707028.667099,4688712.396723,3360431.884382
-2707028.637935,4688712.425887,3360431.913547
-2707025.248479,4688711.071903,3360432.212672
-2707028.566927,4688712.483161,3360431.975606
-2707028.534808,4688712.515280,3360432.007726
-2707028.501700,4688712.548388,3360432.040834
-2707028.467603,4688712.582485,3360432.074931
-2707028.432516,4688712.617572,3360432.110018
-2707028.396437,4688712.653651,3360432.146096
-2707028.359366,4688712.690722,3360432.183167
-2707028.321303,4688712.728785,3360432.221231
-2707028.282246,4688712.767842,3360432.260288
-2707030.038603,4688713.687797,3360431.437064
-2707028.207796,4688712.852197,3360432.338191
-2707028.165754,4688712.894239,3360432.380232
-2707028.122717,4688712.937276,3360432.423270
-2707028.078683,4688712.981310,3360432.467304
-2707028.033653,4688713.026340,3360432.512334
-2707027.987625,4688713.072368,3360432.558361
-2707027.940600,4688713.119392,3360432.605386
-2707027.892578,4688713.167415,3360432.653408
-2707027.843558,4688713.216435,3360432.702428
-2707022.613801,4688716.660085,3360431.223644
-2707027.719496,4688713.332556,3360432.796665
-2707027.667481,4688713.384571,3360432.848680
-2707027.614468,4688713.437584,3360432.901693
-2707027.560456,4688713.491596,3360432.955705
-2707027.505446,4688713.546606,3360433.010715
-2707027.449436,4688713.602616,3360433.066725
-2707027.392428,4688713.659624,3360433.123733
-2707027.334420,4688713.717632,3360433.181741
-2707027.275413,4688713.776639,3360433.240748
-2707025.682969,4688707.415019,3360438.324029
-2707027.146558,4688713.864787,3360433.387467
-2707027.084553,4688713.926793,3360433.449472
-2707027.021549,4688713.989797,3360433.512476
-2707026.957545,4688714.053801,3360433.576480
-2707026.892541,4688714.118805,3360433.641484
-2707026.826538,4688714.184808,3360433.707487
-2707026.759535,4688714.251811,3360433.774490
-2707026.691532,4688714.319814,3360433.842493
-2707026.622530,4688714.388816,3360433.911495
-2707027.684577,4688715.656451,3360434.589299
-2707026.487993,4688714.536663,3360434.055971
-2707026.415991,4688714.608664,3360434.127973
-2707026.342989,4688714.681666,3360434.200975
-2707026.268988,4688714.755667,3360434.274976
-2707026.193987,4688714.830669,3360434.349977
-2707026.117985,4688714.906670,3360434.425978
-2707026.040984,4688714.983671,3360434.502979
-2707025.962983,4688715.061672,3360434.580980
-2707025.883983,4688715.140673,3360434.659981
-2707024.765537,4688715.067549,3360427.173634
-2707025.716508,4688715.300719,3360434.773816
-2707025.634507,4688715.382720,3360434.855816
-2707025.551507,4688715.465721,3360434.938817
-2707025.467506,4688715.549721,3360435.022817
-2707025.382506,4688715.634721,3360435.107818
-2707025.296505,4688715.720722,3360435.193818
-2707025.209505,4688715.807722,3360435.280818
-2707025.121505,4688715.895723,3360435.368818
-2707025.032504,4688715.984723,3360435.457819
-2707025.600127,4688717.243925,3360433.387841
-2707024.855899,4688716.173538,3360435.624382
-2707024.763899,4688716.265538,3360435.716382
-2707024.670899,4688716.358539,3360435.809382
-2707024.576899,4688716.452539,3360435.903382
-2707024.481898,4688716.547539,3360435.998382
-2707024.385898,4688716.643539,3360436.094382
-2707024.288898,4688716.740539,3360436.191382
-2707024.190898,4688716.838539,3360436.289382
-2707024.091898,4688716.937539,3360436.388382
-2707021.096799,4688721.609599,3360439.263244
-2707023.870430,4688717.170863,3360436.608999
-2707023.768430,4688717.272863,3360436.710999
-2707023.665430,4688717.375863,3360436.813999
-2707023.561430,4688717.479863,3360436.917999
-2707023.456430,4688717.584863,3360437.022999
-2707023.350430,4688717.690863,3360437.128999
-2707023.243430,4688717.797863,3360437.235999
-2707023.135430,4688717.905863,3360437.343998
-2707023.026430,4688718.014863,3360437.452998
-2707021.758201,4688718.074356,3360439.723003
-2707022.796861,4688718.235490,3360437.689977
-2707022.684861,4688718.347490,3360437.801977
-2707022.571861,4688718.460490,3360437.914977
-2707022.457861,4688718.574490,3360438.028977
-2707022.342861,4688718.689490,3360438.143977
-2707022.226861,4688718.805490,3360438.259977
-2707022.109861,4688718.922490,3360438.376976
-2707021.991861,4688719.040490,3360438.494976
-2707021.872861,4688719.159490,3360438.613976
-2707019.519341,4688716.398181,3360445.813852
-2707021.614718,4688719.378376,3360438.909314
-2707021.492718,4688719.500376,3360439.031314
-2707021.369718,4688719.623376,3360439.154314
-2707021.245718,4688719.747376,3360439.278314
-2707021.120718,4688719.872376,3360439.403313
-2707020.994718,4688719.998376,3360439.529313
-2707020.867718,4688720.125376,3360439.656313
-2707020.739718,4688720.253376,3360439.784313
-2707020.610718,4688720.382376,3360439.913312
-2707016.295181,4688720.326124,3360438.052031
-2707020.316619,4688720.641903,3360440.158565
-2707020.184619,4688720.773903,3360440.290565
-2707020.051619,4688720.906903,3360440.423564
-2707019.917619,4688721.040903,3360440.557564
-2707019.782619,4688721.175903,3360440.692564
-2707019.646619,4688721.311903,3360440.828564
-2707019.509619,4688721.448903,3360440.965563
-2707019.371619,4688721.586903,3360441.103563
-2707019.232619,4688721.725903,3360441.242563
-2707021.359122,4688724.784552,3360445.895750
-2707018.969984,4688722.030552,3360441.560131
-2707018.827984,4688722.172552,3360441.702131
-2707018.684984,4688722.315552,3360441.845131
-2707018.540984,4688722.459552,3360441.989130
-2707018.395984,4688722.604551,3360442.134130
-2707018.249984,4688722.750551,3360442.280130
-2707018.102984,4688722.897551,3360442.427130
-2707017.954984,4688723.045551,3360442.575129
-2707017.805984,4688723.194551,3360442.724129
-2707026.020124,4688723.281945,3360442.583784
-2707017.574112,4688723.495034,3360443.022729
-2707017.422112,4688723.647034,3360443.174728
-2707017.269112,4688723.800034,3360443.327728
-2707017.115112,4688723.954034,3360443.481728
-2707016.960112,4688724.109034,3360443.636728
-2707016.804112,4688724.265034,3360443.792727
-2707016.647112,4688724.422034,3360443.949727
-2707016.489112,4688724.580034,3360444.107727
-2707016.330112,4688724.739034,3360444.266726
-2707017.889608,4688720.878111,3360443.772208
-2707016.023555,4688725.026260,3360444.582228
-2707015.861555,4688725.188260,3360444.744228
-2707015.698555,4688725.351260,3360444.907227
-2707015.534555,4688725.515260,3360445.071227
-2707015.369555,4688725.680260,3360445.236227
-2707015.203555,4688725.846260,3360445.402226
-2707015.036555,4688726.013260,3360445.569226
-2707014.868555,4688726.181260,3360445.737226
-2707014.699555,4688726.350260,3360445.906225
-2707018.314053,4688722.584900,3360442.152850
-2707014.390766,4688726.657765,3360446.213832
-2707014.218766,4688726.829765,3360446.385832
-2707014.045766,4688727.002765,3360446.558832
-2707013.871766,4688727.176765,3360446.732831
-2707013.696766,4688727.351765,3360446.907831
-2707013.520766,4688727.527765,3360447.083830
-2707013.343766,4688727.704765,3360447.260830
-2707013.165766,4688727.882765,3360447.438830
-2707012.986766,4688728.061765,3360447.617829
-2707016.024975,4688723.430789,3360440.645176
-2707012.653453,4688728.381375,3360447.917292
-2707012.471453,4688728.563375,3360448.099292
-2707012.288453,4688728.746375,3360448.282291
-2707012.104453,4688728.930375,3360448.466291
-2707011.919453,4688729.115375,3360448.651291
-2707011.733453,4688729.301375,3360448.837290
-2707011.546453,4688729.488375,3360449.024290
-2707011.358453,4688729.676375,3360449.212289
-2707011.169453,4688729.865375,3360449.401289
-2707010.503647,4688728.121488,3360446.606628
-2707010.784323,4688730.229590,3360449.756383
-2707010.592323,4688730.421590,3360449.948383
-2707010.399323,4688730.614590,3360450.141383
-2707010.205323,4688730.808590,3360450.335382
-2707010.010323,4688731.003590,3360450.530382
-2707009.814323,4688731.199590,3360450.726381
-2707009.617323,4688731.396590,3360450.923381
-2707009.419323,4688731.594590,3360451.121381
-2707009.220323,4688731.793590,3360451.320380
-2707008.238906,4688732.193894,3360440.978097
-2707008.812492,4688732.196341,3360451.629220
-2707008.610492,4688732.398341,3360451.831219
-2707008.407492,4688732.601341,3360452.034219
-2707008.203492,4688732.805341,3360452.238218
-2707007.998492,4688733.010341,3360452.443218
-2707007.792492,4688733.216341,3360452.649217
-2707007.585492,4688733.423341,3360452.856217
-2707007.377492,4688733.631341,3360453.064217
-2707007.168492,4688733.840341,3360453.273216
-2707005.255369,4688735.465275,3360455.175489
-2707006.732516,4688734.273783,3360453.709096
-2707006.520516,4688734.485783,3360453.921095
-2707006.307516,4688734.698783,3360454.134095
-2707006.093516,4688734.912783,3360454.348095
-2707005.878516,4688735.127783,3360454.563094
-2707005.662516,4688735.343783,3360454.779094
-2707005.445516,4688735.560783,3360454.996093
-2707005.227516,4688735.778783,3360455.214093
-2707005.008516,4688735.997783,3360455.433092
-2707001.701270,4688740.152939,3360458.094075
-2707004.540238,4688736.473553,3360455.895659
-2707004.318238,4688736.695553,3360456.117658
-2707004.095238,4688736.918553,3360456.340658
-2707003.871238,4688737.142553,3360456.564657
-2707003.646238,4688737.367553,3360456.789657
-2707003.420238,4688737.593553,3360457.015656
-2707003.193238,4688737.820553,3360457.242656
-2707002.965238,4688738.048553,3360457.470655
-2707002.736238,4688738.277553,3360457.699655
-2706998.323594,4688742.013906,3360451.627118
-2707002.238136,4688738.769656,3360458.104748
-2707002.006136,4688739.001656,3360458.336747
-2707001.773136,4688739.234656,3360458.569747
-2707001.539136,4688739.468656,3360458.803746
-2707001.304136,4688739.703656,3360459.038746
-2707001.068136,4688739.939656,3360459.274745
-2707000.831136,4688740.176656,3360459.511745
-2707000.593136,4688740.414656,3360459.749744
-2707000.354136,4688740.653656,3360459.988744
-2707001.005428,4688743.606338,3360459.706829
-2706999.881068,4688741.158795,3360460.465098
-2706999.639068,4688741.400795,3360460.707098
-2706999.396068,4688741.643795,3360460.950097
-2706999.152068,4688741.887795,3360461.194097
-2706998.907068,4688742.132795,3360461.439096
-2706998.661068,4688742.378795,3360461.685096
-2706998.414068,4688742.625795,3360461.932095
-2706998.166068,4688742.873795,3360462.180094
-2706997.917068,4688743.122795,3360462.429094
-2706993.671976,4688743.699728,3360457.160569
-2706997.380423,4688743.626712,3360462.880855
-2706997.128423,4688743.878712,3360463.132855
-2706996.875423,4688744.131712,3360463.385854
-2706996.621423,4688744.385712,3360463.639854
-2706996.366423,4688744.640712,3360463.894853
-2706996.110423,4688744.896712,3360464.150852
-2706995.853423,4688745.153712,3360464.407852
-2706995.595423,4688745.411712,3360464.665851
-2706995.336423,4688745.670712,3360464.924851
-2706990.385868,4688741.486581,3360463.509117
-2706994.773483,4688746.151975,3360465.430866
-2706994.511483,4688746.413975,3360465.692866
-2706994.248483,4688746.676975,3360465.955865
-2706993.984483,4688746.940975,3360466.219865
-2706993.719483,4688747.205975,3360466.484864
-2706993.453483,4688747.471975,3360466.750863
-2706993.186483,4688747.738975,3360467.017863
-2706992.918483,4688748.006975,3360467.285862
-2706992.649483,4688748.275975,3360467.554862
-2706995.089040,4688755.189261,3360471.527681
-2706992.132753,4688748.876480,3360468.129027
-2706991.860753,4688749.148480,3360468.401027
-2706991.587753,4688749.421480,3360468.674026
-2706991.313753,4688749.695480,3360468.948025
-2706991.038753,4688749.970480,3360469.223025
-2706990.762753,4688750.246480,3360469.499024
-2706990.485753,4688750.523480,3360469.776024
-2706990.207753,4688750.801480,3360470.054023
-2706989.928753,4688751.080480,3360470.333023
-2706988.590496,4688753.998374,3360472.033454
-2706989.358260,4688751.665142,3360470.906763
-2706989.076260,4688751.947142,3360471.188762
-2706988.793260,4688752.230142,3360471.471761
-2706988.509260,4688752.514142,3360471.755761
-2706988.224260,4688752.799142,3360472.040760
-2706987.938261,4688753.085142,3360472.326760
-2706987.651261,4688753.372142,3360472.613759
-2706987.363261,4688753.660142,3360472.901758
-2706987.074261,4688753.949142,3360473.190758
-2706983.067020,4688752.355946,3360476.871799
-2706986.459878,4688754.513230,3360473.802210
-2706986.167878,4688754.805230,3360474.094209
-2706985.874878,4688755.098230,3360474.387209
-2706985.580878,4688755.392230,3360474.681208
-2706985.285878,4688755.687230,3360474.976207
-2706984.989878,4688755.983230,3360475.272207
-2706984.692879,4688756.280230,3360475.569206
-2706984.394879,4688756.578230,3360475.867206
-2706984.095879,4688756.877230,3360476.166205
-2706983.197315,4688757.981354,3360471.474140
-2706983.489498,4688757.485459,3360476.722330
-2706983.187498,4688757.787459,3360477.024329
-2706982.884498,4688758.090459,3360477.327329
-2706982.580498,4688758.394459,3360477.631328
-2706982.275498,4688758.699459,3360477.936327
-2706981.969498,4688759.005459,3360478.242327
-2706981.662499,4688759.312459,3360478.549326
-2706981.354499,4688759.620459,3360478.857325
-2706981.045499,4688759.929459,3360479.166325
-2706979.077517,4688761.354171,3360473.295229
-2706980.409583,4688760.560487,3360479.731718
-2706980.097583,4688760.872487,3360480.043717
-2706979.784584,4688761.185487,3360480.356717
-2706979.470584,4688761.499487,3360480.670716
-2706979.155584,4688761.814487,3360480.985715
-2706978.839584,4688762.130487,3360481.301715
-2706978.522584,4688762.447487,3360481.618714
-2706978.204584,4688762.765487,3360481.936713
-2706977.885584,4688763.084487,3360482.255713
-2706976.348748,4688763.199121,3360479.881318
-2706977.233630,4688763.723639,3360482.872457
-2706976.911630,4688764.045639,3360483.194456
-2706976.588630,4688764.368639,3360483.517456
-2706976.264631,4688764.692639,3360483.841455
-2706975.939631,4688765.017639,3360484.166454
-2706975.613631,4688765.343639,3360484.492454
-2706975.286631,4688765.670639,3360484.819453
-2706974.958631,4688765.998639,3360485.147452
-2706974.629631,4688766.327639,3360485.476452
-2706969.051037,4688773.016327,3360482.037289
-2706973.921359,4688767.045909,3360486.103503
-2706973.589359,4688767.377909,3360486.435502
-2706973.256359,4688767.710909,3360486.768502
-2706972.922359,4688768.044909,3360487.102501
-2706972.587359,4688768.379909,3360487.437500
-2706972.251360,4688768.715910,3360487.773500
-2706971.914360,4688769.052910,3360488.110499
-2706971.576360,4688769.390910,3360488.448498
-2706971.237360,4688769.729910,3360488.787498
-2706971.894443,4688768.739504,3360489.380856
-2706970.565344,4688770.398922,3360489.470779
-2706970.223344,4688770.740922,3360489.812778
-2706969.880344,4688771.083922,3360490.155778
-2706969.536344,4688771.427922,3360490.499777
-2706969.191344,4688771.772922,3360490.844776
-2706968.845345,4688772.118923,3360491.190776
-2706968.498345,4688772.465923,3360491.537775
-2706968.150345,4688772.813923,3360491.885774
-2706967.801345,4688773.162923,3360492.234774
-2706965.453855,4688770.219587,3360493.889621
-2706967.082340,4688773.834238,3360492.947534
-2706966.730341,4688774.186238,3360493.299533
-2706966.377341,4688774.539238,3360493.652532
-2706966.023341,4688774.893238,3360494.006531
-2706965.668341,4688775.248238,3360494.361531
-2706965.312341,4688775.604238,3360494.717530
-2706964.955341,4688775.961238,3360495.074529
-2706964.597341,4688776.319238,3360495.432529
-2706964.238341,4688776.678238,3360495.791528
-2706958.303217,4688776.260379,3360498.913849
-2706963.467075,4688777.392225,3360496.537432
-2706963.105075,4688777.754225,3360496.899431
-2706962.742075,4688778.117225,3360497.262431
-2706962.378075,4688778.481225,3360497.626430
-2706962.013075,4688778.846226,3360497.991429
-2706961.647076,4688779.212226,3360498.357429
-2706961.280076,4688779.579226,3360498.724428
-2706960.912076,4688779.947226,3360499.092427
-2706960.543076,4688780.316226,3360499.461426
-2706964.402070,4688779.642162,3360500.217825
-2706959.840214,4688781.047810,3360500.205910
-2706959.468215,4688781.419810,3360500.577909
-2706959.095215,4688781.792810,3360500.950908
-2706958.721215,4688782.166810,3360501.324907
-2706958.346215,4688782.541811,3360501.699907
-2706957.970215,4688782.917811,3360502.075906
-2706957.593215,4688783.294811,3360502.452905
-2706957.215215,4688783.672811,3360502.830904
-2706956.836215,4688784.051811,3360503.209904
-2706957.574179,4688783.773537,3360497.580858
-2706956.085300,4688784.806873,3360503.916700
-2706955.703300,4688785.188873,3360504.298700
-2706955.320300,4688785.571874,3360504.681699
-2706954.936300,4688785.955874,3360505.065698
-2706954.551300,4688786.340874,3360505.450697
-2706954.165300,4688786.726874,3360505.836697
-2706953.778300,4688787.113874,3360506.223696
-2706953.390300,4688787.501874,3360506.611695
-2706953.001301,4688787.890874,3360507.000694
-2706956.310048,4688790.173821,3360510.262791
-2706952.253669,4688788.688951,3360507.807603
-2706951.861669,4688789.080951,3360508.199603
-2706951.468669,4688789.473951,3360508.592602
-2706951.074669,4688789.867952,3360508.986601
-2706950.679669,4688790.262952,3360509.381600
-2706950.283670,4688790.658952,3360509.777599
-2706949.886670,4688791.055952,3360510.174599
-2706949.488670,4688791.453952,3360510.572598
-2706949.089670,4688791.852952,3360510.971597
-2706952.408883,4688786.808821,3360508.676017
-2706948.322227,4688792.604832,3360511.748274
-2706947.920227,4688793.006832,3360512.150274
-2706947.517228,4688793.409832,3360512.553273
-2706947.113228,4688793.813832,3360512.957272
-2706946.708228,4688794.218832,3360513.362271
-2706946.302228,4688794.624832,3360513.768270
-2706945.895228,4688795.031832,3360514.175270
-2706945.487228,4688795.439833,3360514.583269
-2706945.078228,4688795.848833,3360514.992268
-2706942.777987,4688791.329852,3360507.954619
-2706944.240172,4688796.625356,3360515.746062
-2706943.828172,4688797.037356,3360516.158062
-2706943.415172,4688797.450356,3360516.571061
-2706943.001172,4688797.864356,3360516.985060
-2706942.586172,4688798.279356,3360517.400059
-2706942.170173,4688798.695356,3360517.816058
-2706941.753173,4688799.112356,3360518.233058
-2706941.335173,4688799.530357,3360518.651057
-2706940.916173,4688799.949357,3360519.070056
-2706938.297812,4688795.896162,3360514.060506
-2706940.055335,4688800.749989,3360519.862056
-2706939.633335,4688801.171989,3360520.284056
-2706939.210335,4688801.594989,3360520.707055
-2706938.786335,4688802.018990,3360521.131054
-2706938.361335,4688802.443990,3360521.556053
-2706937.935335,4688802.869990,3360521.982052
-2706937.508335,4688803.296990,3360522.409051
-2706937.080336,4688803.724990,3360522.837051
-2706936.651336,4688804.153990,3360523.266050
-2706940.018103,4688808.840629,3360531.964348
-2706935.824602,4688805.053406,3360524.201669
-2706935.392602,4688805.485406,3360524.633668
-2706934.959602,4688805.918406,3360525.066668
-2706934.525602,4688806.352407,3360525.500667
-2706934.090602,4688806.787407,3360525.935666
-2706933.654603,4688807.223407,3360526.371665
-2706933.217603,4688807.660407,3360526.808664
-2706932.779603,4688808.098407,3360527.246663
-2706932.340603,4688808.537407,3360527.685663
-2706935.851348,4688809.965172,3360528.612966
-2706931.495261,4688809.427322,3360528.571059
-2706931.053261,4688809.869322,3360529.013058
-2706930.610261,4688810.312323,3360529.456057
-2706930.166261,4688810.756323,3360529.900057
-2706929.721261,4688811.201323,3360530.345056
-2706929.275261,4688811.647323,3360530.791055
-2706928.828262,4688812.094323,3360531.238054
-2706928.380262,4688812.542323,3360531.686053
-2706927.931262,4688812.991323,3360532.135052
-2706925.942762,4688813.495646,3360538.705807
-2706927.016376,4688813.892814,3360533.091296
-2706926.564376,4688814.344814,3360533.543295
-2706926.111376,4688814.797814,3360533.996294
-2706925.657376,4688815.251814,3360534.450293
-2706925.202377,4688815.706814,3360534.905292
-2706924.746377,4688816.162814,3360535.361292
-2706924.289377,4688816.619814,3360535.818291
-2706923.831377,4688817.077815,3360536.276290
-2706923.372377,4688817.536815,3360536.735289
-2706926.079725,4688816.577389,3360543.059956
-2706922.479967,4688818.445003,3360537.709223
-2706922.017967,4688818.907003,3360538.171222
-2706921.554967,4688819.370003,3360538.634221
-2706921.090967,4688819.834003,3360539.098221
-2706920.625967,4688820.299003,3360539.563220
-2706920.159968,4688820.765003,3360540.029219
-2706919.692968,4688821.232003,3360540.496218
-2706919.224968,4688821.700004,3360540.964217
-2706918.755968,4688822.169004,3360541.433216
-2706921.888057,4688825.762767,3360542.530393
-2706917.847483,4688823.138201,3360542.379876
-2706917.375483,4688823.610201,3360542.851875
-2706916.902483,4688824.083201,3360543.324874
-2706916.428483,4688824.557201,3360543.798873
-2706915.953483,4688825.032201,3360544.273872
-2706915.477484,4688825.508201,3360544.749871
-2706915.000484,4688825.985201,3360545.226870
-2706914.522484,4688826.463201,3360545.704869
-2706914.043484,4688826.942202,3360546.183868
-2706919.140063,4688823.549660,3360543.588213
-2706913.132823,4688827.868245,3360547.117103
-2706912.650823,4688828.350245,3360547.599102
-2706912.167823,4688828.833246,3360548.082101
-2706911.683823,4688829.317246,3360548.566100
-2706911.198824,4688829.802246,3360549.051099
-2706910.712824,4688830.288246,3360549.537099
-2706910.225824,4688830.775246,3360550.024098
-2706909.737824,4688831.263246,3360550.512097
-2706909.248824,4688831.752246,3360551.001096
-2706909.249417,4688834.721502,3360550.087658
-2706908.272253,4688832.755627,3360551.969425
-2706907.780253,4688833.247627,3360552.461424
-2706907.287253,4688833.740627,3360552.954423
-2706906.793254,4688834.234627,3360553.448422
-2706906.298254,4688834.729627,3360553.943421
-2706905.802254,4688835.225627,3360554.439420
-2706905.305254,4688835.722627,3360554.936419
-2706904.807254,4688836.220627,3360555.434418
-2706904.308254,4688836.719627,3360555.933417
-2706901.927282,4688838.011780,3360552.025947
-2706903.290275,4688837.727778,3360556.894629
-2706902.788275,4688838.229779,3360557.396628
-2706902.285275,4688838.732779,3360557.899627
-2706901.781276,4688839.236779,3360558.403626
-2706901.276276,4688839.741779,3360558.908625
-2706900.770276,4688840.247779,3360559.414624
-2706900.263276,4688840.754779,3360559.921623
-2706899.755276,4688841.262779,3360560.429622
-2706899.246276,4688841.771779,3360560.938621
-2706895.681654,4688840.775349,3360567.294028
-2706898.197702,4688842.779181,3360562.012387
-2706897.685702,4688843.291181,3360562.524386
-2706897.172702,4688843.804181,3360563.037385
-2706896.658702,4688844.318181,3360563.551384
-2706896.143703,4688844.833181,3360564.066383
-2706895.627703,4688845.349181,3360564.582382
-2706895.110703,4688845.866181,3360565.099381
-2706894.592703,4688846.384181,3360565.617380
-2706894.073703,4688846.903181,3360566.136379
-2706899.056624,4688851.508255,3360568.740667
-2706893.082380,4688847.981059,3360567.196192
-2706892.560380,4688848.503059,3360567.718191
-2706892.037381,4688849.026059,3360568.241190
-2706891.513381,4688849.550059,3360568.765189
-2706890.988381,4688850.075059,3360569.290188
-2706890.462381,4688850.601060,3360569.816187
-2706889.935381,4688851.128060,3360570.343186
-2706889.407382,4688851.656060,3360570.871185
-2706888.878382,4688852.185060,3360571.400184
-2706887.744475,4688853.796613,3360574.484493
-2706887.811930,4688853.255824,3360572.484241
-2706887.279930,4688853.787824,3360573.016240
-2706886.746931,4688854.320824,3360573.549239
-2706886.212931,4688854.854824,3360574.083238
-2706885.677931,4688855.389824,3360574.618237
-2706885.141931,4688855.925824,3360575.154236
-2706884.604931,4688856.462824,3360575.691235
-2706884.066931,4688857.000824,3360576.229234
-2706883.527932,4688857.539825,3360576.768233
-2706878.037860,4688854.222742,3360576.070221
-2706882.402245,4688858.586005,3360577.838055
-2706881.860245,4688859.128005,3360578.380053
-2706881.317246,4688859.671005,3360578.923052
-2706880.773246,4688860.215005,3360579.467051
-2706880.228246,4688860.760005,3360580.012050
-2706879.682246,4688861.306005,3360580.558049
-2706879.135246,4688861.853006,3360581.105048
-2706878.587246,4688862.401006,3360581.653047
-2706878.038247,4688862.950006,3360582.202046
-2706876.747925,4688863.706631,3360580.156792
-2706876.930564,4688864.052871,3360583.279615
-2706876.378564,4688864.604871,3360583.831614
-2706875.825564,4688865.157871,3360584.384613
-2706875.271564,4688865.711872,3360584.938612
-2706874.716564,4688866.266872,3360585.493611
-2706874.160565,4688866.822872,3360586.049610
-2706873.603565,4688867.379872,3360586.606609
-2706873.045565,4688867.937872,3360587.164608
-2706872.486565,4688868.496872,3360587.723606
-2706866.334645,4688866.310468,3360584.566899
-2706871.315084,4688869.593079,3360588.811051
-2706870.753084,4688870.155079,3360589.373050
-2706870.190084,4688870.718079,3360589.936049
-2706869.626084,4688871.282079,3360590.500048
-2706869.061084,4688871.847079,3360591.065047
-2706868.495085,4688872.413079,3360591.631046
-2706867.928085,4688872.980079,3360592.198045
-2706867.360085,4688873.548080,3360592.766044
-2706866.791085,4688874.117080,3360593.335042
-2706869.910556,4688878.125585,3360594.995806
-2706865.683393,4688875.289121,3360594.485887
-2706865.111393,4688875.861122,3360595.057886
-2706864.538393,4688876.434122,3360595.630885
-2706863.964393,4688877.008122,3360596.204884
-2706863.389393,4688877.583122,3360596.779883
-2706862.813393,4688878.159122,3360597.355881
-2706862.236394,4688878.736122,3360597.932880
-2706861.658394,4688879.314122,3360598.510879
-2706861.079394,4688879.893122,3360599.089878
-2706859.911815,4688880.235637,3360598.427254
-2706859.913090,4688881.051979,3360600.239658
-2706859.331090,4688881.633979,3360600.821657
-2706858.748090,4688882.216979,3360601.404655
-2706858.164090,4688882.800979,3360601.988654
-2706857.579090,4688883.385979,3360602.573653
-2706856.993091,4688883.971979,3360603.159652
-2706856.406091,4688884.558979,3360603.746651
-2706855.818091,4688885.146979,3360604.334650
-2706855.229091,4688885.735979,3360604.923648
-2706849.879127,4688887.678790,3360607.024675
-2706854.005120,4688886.929192,3360606.118287
-2706853.413120,4688887.521192,3360606.710286
-2706852.820120,4688888.114192,3360607.303285
-2706852.226121,4688888.708193,3360607.897284
-2706851.631121,4688889.303193,3360608.492282
-2706851.035121,4688889.899193,3360609.088281
-2706850.438121,4688890.496193,3360609.685280
-2706849.840121,4688891.094193,3360610.283279
-2706849.241121,4688891.693193,3360610.882278
-2706848.606586,4688894.450384,3360616.981287
-2706848.039810,4688892.913668,3360612.132919
-2706847.437810,4688893.515668,3360612.734917
-2706846.834810,4688894.118668,3360613.337916
-2706846.230810,4688894.722668,3360613.941915
-2706845.625811,4688895.327668,3360614.546914
-2706845.019811,4688895.933668,3360615.152913
-2706844.412811,4688896.540668,3360615.759911
-2706843.804811,4688897.148668,3360616.367910
-2706843.195811,4688897.757668,3360616.976909
-2706839.849663,4688903.472064,3360616.784772
-2706841.950110,4688899.024750,3360618.190665
-2706841.338111,4688899.636750,3360618.802664
-2706840.725111,4688900.249750,3360619.415662
-2706840.111111,4688900.863750,3360620.029661
-2706839.496111,4688901.478750,3360620.644660
-2706838.880111,4688902.094750,3360621.260659
-2706838.263111,4688902.711750,3360621.877657
-2706837.645112,4688903.329750,3360622.495656
-2706837.026112,4688903.948750,3360623.114655
-2706834.988251,4688900.711587,3360622.208857
-2706835.772312,4688905.154929,3360624.341878
-2706835.150312,4688905.776929,3360624.963877
-2706834.527312,4688906.399929,3360625.586875
-2706833.903312,4688907.023930,3360626.210874
-2706833.278313,4688907.648930,3360626.835873
-2706832.652313,4688908.274930,3360627.461871
-2706832.025313,4688908.901930,3360628.088870
-2706831.397313,4688909.529930,3360628.716869
-2706830.768313,4688910.158930,3360629.345868
-2706833.128878,4688910.884395,3360628.767267
-2706829.534312,4688911.420792,3360630.595954
-2706828.902312,4688912.052792,3360631.227953
-2706828.269312,4688912.685792,3360631.860951
-2706827.635312,4688913.319792,3360632.494950
-2706827.000312,4688913.954792,3360633.129949
-2706826.364313,4688914.590793,3360633.765947
-2706825.727313,4688915.227793,3360634.402946
-2706825.089313,4688915.865793,3360635.040945
-2706824.450313,4688916.504793,3360635.679943
-2706826.842265,4688920.117538,3360634.899156
-2706823.196685,4688917.812630,3360636.948114
-2706822.554685,4688918.454630,3360637.590113
-2706821.911686,4688919.097630,3360638.233112
-2706821.267686,4688919.741631,3360638.877110
-2706820.622686,4688920.386631,3360639.522109
-2706819.976686,4688921.032631,3360640.168108
-2706819.329686,4688921.679631,3360640.815106
-2706818.681686,4688922.327631,3360641.463105
-2706818.032687,4688922.976631,3360642.112104
-2706812.631553,4688924.620714,3360647.478450
-2706816.688795,4688924.286605,3360643.455679
-2706816.036795,4688924.938606,3360644.107678
-2706815.383795,4688925.591606,3360644.760676
-2706814.729795,4688926.245606,3360645.414675
-2706814.074795,4688926.900606,3360646.069673
-2706813.418796,4688927.556606,3360646.725672
-2706812.761796,4688928.213606,3360647.382671
-2706812.103796,4688928.871606,3360648.040669
-2706811.444796,4688929.530606,3360648.699668
-2706814.641292,4688926.012444,3360663.599288
-2706810.158612,4688930.813887,3360650.149217
-2706809.496612,4688931.475887,3360650.811216
-2706808.833612,4688932.138887,3360651.474215
-2706808.169612,4688932.802887,3360652.138213
-2706807.504613,4688933.467887,3360652.803212
-2706806.838613,4688934.133887,3360653.469210
-2706806.171613,4688934.800887,3360654.136209
-2706805.503613,4688935.468887,3360654.804208
-2706804.834613,4688936.137888,3360655.473206
-2706795.852835,4688935.082425,3360660.513985
-2706803.418577,4688937.463311,3360656.853662
-2706802.746577,4688938.135311,3360657.525660
-2706802.073577,4688938.808311,3360658.198659
-2706801.399577,4688939.482311,3360658.872658
-2706800.724577,4688940.157311,3360659.547656
-2706800.048577,4688940.833311,3360660.223655
-2706799.371578,4688941.510311,3360660.900653
-2706798.693578,4688942.188311,3360661.578652
-2706798.014578,4688942.867311,3360662.257651
-2706796.281971,4688941.262003,3360658.568096
-2706796.644076,4688944.207680,3360663.579200
-2706795.962076,4688944.889680,3360664.261199
-2706795.279076,4688945.572680,3360664.944198
-2706794.595076,4688946.256680,3360665.628196
-2706793.910076,4688946.941681,3360666.313195
-2706793.224076,4688947.627681,3360666.999193
-2706792.537077,4688948.314681,3360667.686192
-2706791.849077,4688949.002681,3360668.374190
-2706791.160077,4688949.691681,3360669.063189
-2706789.277681,4688948.581012,3360674.975334
-2706789.768312,4688951.056425,3360670.491331
-2706789.076313,4688951.748425,3360671.183329
-2706788.383313,4688952.441425,3360671.876328
-2706787.689313,4688953.135425,3360672.570326
-2706786.994313,4688953.830425,3360673.265325
-2706786.298313,4688954.526425,3360673.961323
-2706785.601313,4688955.223425,3360674.658322
-2706784.903314,4688955.921426,3360675.356320
-2706784.204314,4688956.620426,3360676.055319
-2706786.815882,4688952.806995,3360675.892166
-2706782.833210,4688957.980680,3360677.448524
-2706782.131210,4688958.682680,3360678.150522
-2706781.428211,4688959.385680,3360678.853521
-2706780.724211,4688960.089680,3360679.557519
-2706780.019211,4688960.794680,3360680.262518
-2706779.313211,4688961.500680,3360680.968516
-2706778.606211,4688962.207680,3360681.675515
-2706777.898211,4688962.915680,3360682.383513
-2706777.189212,4688963.624680,3360683.092512
-2706776.472526,4688962.872291,3360690.529346
-2706775.768152,4688965.032478,3360684.574237
-2706775.056152,4688965.744478,3360685.286236
-2706774.343152,4688966.457478,3360685.999235
-2706773.629152,4688967.171478,3360686.713233
-2706772.914152,4688967.886479,3360687.428232
-2706772.198152,4688968.602479,3360688.144230
-2706771.481153,4688969.319479,3360688.861229
-2706770.763153,4688970.037479,3360689.579227
-2706770.044153,4688970.756479,3360690.298226
-2706767.620993,4688974.114034,3360690.857247
-2706768.587777,4688972.221290,3360691.737769
-2706767.865778,4688972.943290,3360692.459768
-2706767.142778,4688973.666290,3360693.182766
-2706766.418778,4688974.390291,3360693.906765
-2706765.693778,4688975.115291,3360694.631763
-2706764.967778,4688975.841291,3360695.357762
-2706764.240778,4688976.568291,3360696.084760
-2706763.512779,4688977.296291,3360696.812759
-2706762.783779,4688978.025291,3360697.541757
-2706760.673649,4688980.005187,3360700.193893
-2706761.310320,4688979.497575,3360699.020107
-2706760.578320,4688980.229575,3360699.752105
-2706759.845320,4688980.962575,3360700.485104
-2706759.111320,4688981.696575,3360701.219102
-2706758.376320,4688982.431575,3360701.954101
-2706757.640320,4688983.167575,3360702.690099
-2706756.903321,4688983.904575,3360703.427098
-2706756.165321,4688984.642576,3360704.165096
-2706755.426321,4688985.381576,3360704.904095
-2706754.072590,4688986.483067,3360712.300944
-2706753.939781,4688986.865839,3360706.445188
-2706753.197781,4688987.607839,3360707.187187
-2706752.454781,4688988.350839,3360707.930185
-2706751.710781,4688989.094840,3360708.674184
-2706750.965781,4688989.839840,3360709.419182
-2706750.219782,4688990.585840,3360710.165181
-2706749.472782,4688991.332840,3360710.912179
-2706748.724782,4688992.080840,3360711.660177
-2706747.975782,4688992.829840,3360712.409176
-2706745.569289,4688993.181623,3360707.631285
-2706746.459828,4688994.327245,3360713.860268
-2706745.707828,4688995.079245,3360714.612267
-2706744.954828,4688995.832245,3360715.365265
-2706744.200828,4688996.586245,3360716.119263
-2706743.445829,4688997.341245,3360716.874262
-2706742.689829,4688998.097245,3360717.630260
-2706741.932829,4688998.854246,3360718.387259
-2706741.174829,4688999.612246,3360719.145257
-2706740.415829,4689000.371246,3360719.904256
-2706733.921604,4688995.137680,3360714.108469
-2706738.843062,4689001.838137,3360721.366068
-2706738.081062,4689002.600137,3360722.128067
-2706737.318063,4689003.363137,3360722.891065
-2706736.554063,4689004.127137,3360723.655063
-2706735.789063,4689004.892137,3360724.420062
-2706735.023063,4689005.658138,3360725.186060
-2706734.256063,4689006.425138,3360725.953059
-2706733.488063,4689007.193138,3360726.721057
-2706732.719064,4689007.962138,3360727.490055
-2706723.611794,4689006.755814,3360725.124487
-2706731.102797,4689009.485296,3360729.002745
-2706730.330797,4689010.257296,3360729.774743
-2706729.557797,4689011.030296,3360730.547742
-2706728.783797,4689011.804296,3360731.321740
-2706728.008797,4689012.579296,3360732.096739
-2706727.232798,4689013.355296,3360732.872737
-2706726.455798,4689014.132296,3360733.649735
-2706725.677798,4689014.910297,3360734.427734
-2706724.898798,4689015.689297,3360735.206732
-2706716.827688,4689020.953630,3360743.601994
-2706723.271976,4689017.290780,3360736.836478
-2706722.489976,4689018.072780,3360737.618476
-2706721.706976,4689018.855781,3360738.401475
-2706720.922976,4689019.639781,3360739.185473
-2706720.137976,4689020.424781,3360739.970471
-2706719.351976,4689021.210781,3360740.756470
-2706718.564977,4689021.997781,3360741.543468
-2706717.776977,4689022.785781,3360742.331466
-2706716.987977,4689023.574781,3360743.120465
-2706712.463176,4689024.595089,3360745.537865
-2706715.373260,4689025.157860,3360744.716153
-2706714.581260,4689025.949860,3360745.508152
-2706713.788261,4689026.742860,3360746.301150
-2706712.994261,4689027.536860,3360747.095148
-2706712.199261,4689028.331861,3360747.890147
-2706711.403261,4689029.127861,3360748.686145
-2706710.606261,4689029.924861,3360749.483143
-2706709.808261,4689030.722861,3360750.281142
-2706709.009261,4689031.521861,3360751.080140
-2706708.206904,4689029.843081,3360750.802031
-2706707.408240,4689033.100483,3360752.671404
-2706706.606241,4689033.902483,3360753.473402
-2706705.803241,4689034.705483,3360754.276400
-2706704.999241,4689035.509483,3360755.080399
-2706704.194241,4689036.314483,3360755.885397
-2706703.388241,4689037.120483,3360756.691395
-2706702.581241,4689037.927483,3360757.498393
-2706701.773242,4689038.735483,3360758.306392
-2706700.964242,4689039.544483,3360759.115390
-2706699.166630,4689042.217729,3360761.548005
-2706699.334326,4689041.182305,3360760.751035
-2706698.522326,4689041.994305,3360761.563034
-2706697.709326,4689042.807305,3360762.376032
-2706696.895326,4689043.621305,3360763.190030
-2706696.080327,4689044.436305,3360764.005028
-2706695.264327,4689045.252305,3360764.821027
-2706694.447327,4689046.069305,3360765.638025
-2706693.629327,4689046.887305,3360766.456023
-2706692.810327,4689047.706305,3360767.275021
-2706690.522153,4689042.332756,3360767.546306
-2706691.156073,4689049.291391,3360768.911064
-2706690.334073,4689050.113391,3360769.733062
-2706689.511073,4689050.936391,3360770.556061
-2706688.687074,4689051.760391,3360771.380059
-2706687.862074,4689052.585391,3360772.205057
-2706687.036074,4689053.411391,3360773.031055
-2706686.209074,4689054.238391,3360773.858054
-2706685.381074,4689055.066391,3360774.686052
-2706684.552074,4689055.895391,3360775.515050
-2706684.428975,4689063.225139,3360769.182475
-2706682.897456,4689057.615070,3360777.111384
-2706682.065457,4689058.447070,3360777.943382
-2706681.232457,4689059.280070,3360778.776381
-2706680.398457,4689060.114070,3360779.610379
-2706679.563457,4689060.949070,3360780.445377
-2706678.727457,4689061.785070,3360781.281375
-2706677.890457,4689062.622070,3360782.118373
-2706677.052457,4689063.460070,3360782.956371
-2706676.213458,4689064.299071,3360783.795370
-2706672.372366,4689059.296010,3360791.611557
-2706674.505365,4689065.927321,3360785.539346
-2706673.663365,4689066.769321,3360786.381344
-2706672.820365,4689067.612321,3360787.224342
-2706671.976365,4689068.456321,3360788.068340
-2706671.131365,4689069.301321,3360788.913338
-2706670.285365,4689070.147321,3360789.759336
-2706669.438366,4689070.994321,3360790.606335
-2706668.590366,4689071.842321,3360791.454333
-2706667.741366,4689072.691321,3360792.303331
-2706670.591141,4689070.639130,3360794.730471
-2706666.073767,4689074.366121,3360794.018565
-2706665.221767,4689075.218121,3360794.870563
-2706664.368767,4689076.071121,3360795.723561
-2706663.514767,4689076.925121,3360796.577560
-2706662.659768,4689077.780121,3360797.432558
-2706661.803768,4689078.636121,3360798.288556
-2706660.946768,4689079.493121,3360799.145554
-2706660.088768,4689080.351121,3360800.003552
-2706659.229768,4689081.210121,3360800.862550
-2706655.904093,4689075.001548,3360801.050976
-2706657.486509,4689082.867308,3360802.577483
-2706656.624509,4689083.729308,3360803.439482
-2706655.761509,4689084.592308,3360804.302480
-2706654.897509,4689085.456308,3360805.166478
-2706654.032509,4689086.321308,3360806.031476
-2706653.166510,4689087.187308,3360806.897474
-2706652.299510,4689088.054308,3360807.764472
-2706651.431510,4689088.922308,3360808.632470
-2706650.562510,4689089.791309,3360809.501468
-2706657.764112,4689088.609221,3360811.139792
-2706648.894379,4689091.513783,3360811.249400
-2706648.022379,4689092.385783,3360812.121398
-2706647.149380,4689093.258783,3360812.994396
-2706646.275380,4689094.132783,3360813.868394
-2706645.400380,4689095.007783,3360814.743392
-2706644.524380,4689095.883783,3360815.619390
-2706643.647380,4689096.760783,3360816.496388
-2706642.769380,4689097.638783,3360817.374386
-2706641.890380,4689098.517783,3360818.253384
-2706637.527487,4689098.845605,3360816.272618
-2706640.097938,4689100.273799,3360819.988554
-2706639.215938,4689101.155799,3360820.870552
-2706638.332938,4689102.038799,3360821.753550
-2706637.448938,4689102.922799,3360822.637548
-2706636.563939,4689103.807799,3360823.522546
-2706635.677939,4689104.693799,3360824.408544
-2706634.790939,4689105.580799,3360825.295542
-2706633.902939,4689106.468799,3360826.183540
-2706633.013939,4689107.357799,3360827.072538
-2706629.729078,4689110.226330,3360833.232215
-2706631.211319,4689109.156661,3360828.901107
-2706630.319319,4689110.048661,3360829.793105
-2706629.426320,4689110.941661,3360830.686103
-2706628.532320,4689111.835661,3360831.580101
-2706627.637320,4689112.730661,3360832.475099
-2706626.741320,4689113.626662,3360833.371097
-2706625.844320,4689114.523662,3360834.268095
-2706624.946320,4689115.421662,3360835.166093
-2706624.047320,4689116.320662,3360836.065091
-2706624.576589,4689121.831573,3360838.675014
-2706622.259224,4689118.163288,3360837.881524
-2706621.357224,4689119.065288,3360838.783521
-2706620.454224,4689119.968289,3360839.686519
-2706619.550224,4689120.872289,3360840.590517
-2706618.645225,4689121.777289,3360841.495515
-2706617.739225,4689122.683289,3360842.401513
-2706616.832225,4689123.590289,3360843.308511
-2706615.924225,4689124.498289,3360844.216509
-2706615.015225,4689125.407289,3360845.125507
-2706618.371307,4689126.166567,3360852.044057
-2706613.232739,4689127.226928,3360847.000746
-2706612.320739,4689128.138929,3360847.912744
-2706611.407739,4689129.051929,3360848.825742
-2706610.493739,4689129.965929,3360849.739740
-2706609.578739,4689130.880929,3360850.654738
-2706608.662740,4689131.796929,3360851.570736
-2706607.745740,4689132.713929,3360852.487734
-2706606.827740,4689133.631929,3360853.405731
-2706605.908740,4689134.550929,3360854.324729
-2706599.213204,4689129.472104,3360852.834604
-2706604.015600,4689136.337773,3360856.143967
-2706603.093600,4689137.259773,3360857.065965
-2706602.170600,4689138.182773,3360857.988962
-2706601.246600,4689139.106773,3360858.912960
-2706600.321601,4689140.031773,3360859.837958
-2706599.395601,4689140.957773,3360860.763956
-2706598.468601,4689141.884773,3360861.690954
-2706597.540601,4689142.812774,3360862.618951
-2706596.611601,4689143.741774,3360863.547949
-2706589.513865,4689149.447818,3360873.275719
-2706594.694920,4689145.645891,3360865.488369
-2706593.762921,4689146.577891,3360866.420367
-2706592.829921,4689147.510891,3360867.353365
-2706591.895921,4689148.444891,3360868.287363
-2706590.960921,4689149.379891,3360869.222360
-2706590.024921,4689150.315891,3360870.158358
-2706589.087921,4689151.252891,3360871.095356
-2706588.149921,4689152.190891,3360872.033354
-2706587.210922,4689153.129891,3360872.972351
-2706587.877323,4689157.010275,3360884.986182
-2706585.344424,4689155.037437,3360874.953319
-2706584.402424,4689155.979437,3360875.895317
-2706583.459424,4689156.922437,3360876.838315
-2706582.515425,4689157.866437,3360877.782312
-2706581.570425,4689158.811437,3360878.727310
-2706580.624425,4689159.757437,3360879.673308
-2706579.677425,4689160.704437,3360880.620306
-2706578.729425,4689161.652437,3360881.568303
-2706577.780425,4689162.601437,3360882.517301
-2706579.040569,4689163.078356,3360892.163410
-2706575.899378,4689164.498167,3360884.496803
-2706574.947378,4689165.450167,3360885.448801
-2706573.994378,4689166.403167,3360886.401799
-2706573.040379,4689167.357167,3360887.355796
-2706572.085379,4689168.312167,3360888.310794
-2706571.129379,4689169.268167,3360889.266792
-2706570.172379,4689170.225167,3360890.223789
-2706569.214379,4689171.183167,3360891.181787
-2706568.255379,4689172.142167,3360892.140785
-2706569.568790,4689175.467320,3360896.780545
-2706566.354903,4689174.084519,3360894.095000
-2706565.392903,4689175.046519,3360895.056998
-2706564.429904,4689176.009519,3360896.019995
-2706563.465904,4689176.973519,3360896.983993
-2706562.500904,4689177.938519,3360897.948991
-2706561.534904,4689178.904519,3360898.914988
-2706560.567904,4689179.871519,3360899.881986
-2706559.599904,4689180.839519,3360900.849983
-2706558.630904,4689181.808519,3360901.818981
-2706559.348877,4689180.787311,3360901.861771
-2706556.705143,4689183.731543,3360903.751606
-2706555.733143,4689184.703543,3360904.723603
-2706554.760143,4689185.676543,3360905.696601
-2706553.786144,4689186.650543,3360906.670598
-2706552.811144,4689187.625543,3360907.645596
-2706551.835144,4689188.601543,3360908.621594
-2706550.858144,4689189.578543,3360909.598591
-2706549.880144,4689190.556544,3360910.576589
-2706548.901144,4689191.535544,3360911.555586
-2706546.195730,4689199.758553,3360909.125209
-2706546.924568,4689193.561932,3360913.485793
-2706545.942568,4689194.543932,3360914.467791
-2706544.959568,4689195.526932,3360915.450788
-2706543.975568,4689196.510932,3360916.434786
-2706542.990568,4689197.495932,3360917.419783
-2706542.004568,4689198.481932,3360918.405781
-2706541.017568,4689199.468932,3360919.392779
-2706540.029568,4689200.456932,3360920.380776
-2706539.040568,4689201.445932,3360921.369774
